Sous-Famille,Optimization Level Name,Optimization Level ID,Feedback,Logged Text,Your Feedback
G100-PORTES D'ENTREE BOIS,SKU Level,SKU,Rejected," === Processing Sous-Famille: G100-PORTES D'ENTREE BOIS === Starting at level: Sous-Famille (ID: 3) Entities at level 4 (Groupe): ['G5730-PORTES BOIS 1 ETOILE', 'G1002-PORTES BOIS 3 ETOILES', 'G5722-PORTES BOIS 2 ETOILES', 'G2873-PORTES BOIS AUTRES RESEAUX'] GPT response: No, these are not specific product models. No models detected. Moving to next level. Entities at level 5 (Sous-Groupe): ['G57703-CHAMBON', 'G5724-PORTES BOIS H.I.T. 3 ETOILES', 'G57701-AUMALE', 'G57702-TALMONT', 'G13142-PORTES BOIS EXOTIQUE', 'G4011-SOL'] GPT response: No, these are not models. No models detected. Moving to next level. Entities at level 6 (Section): ['G57121-MINSK OBSO', 'G57129-SKARA OBSO', 'G57112-AURILLAC OBSO', 'G57139-MONTREAL OBSO', 'G57128-ROMAGNE OBSO', 'G57123-MONTFORT OBSO', 'G57122-MIRANDE OBSO', 'G57119-LUSSAC OBSO', 'G57125-MORLANNE OBSO', 'G57120-MARGAUX OBSO', 'G57339-AUGUSTINE BEX STD', 'G57338-AUGUSTINE', 'G57335-ALCINELLE', 'G57331-ANNAELLE BEX STD', 'G57330-ANNAELLE', 'G57309-ANNE-PERRINE BEX  STD', 'G57343-ANNE-PERRINE', 'G57346-AMY-LINE', 'G57319-ANNE-SOPHIE BEX  STD', 'G57349-ANNE-SOPHIE', 'G57396-ANNE-LAURE', 'G57314-ANNE-EVA BEX  STD', 'G57399-ANNE-EVA', 'G57316-AVA-LUNA BEX  STD', 'G57340-AUGUSTINE BEX S/M', 'G57332-ANNAELLE BEX S/M', 'G57318-ANNE-PERRINE BEX  S/M', 'G57312-ANNE-SOPHIE BEX  S/M', 'G57313-ANNE-SOPHIE + CHO BEX  S/M', 'G57394-ANNE-SOPHIE + CHO', 'G57315-ANNE-EVA BEX  S/M', 'G57317-AVA-LUNA BEX  S/M', 'G45773-ANNE-PERRINE BEX EXPO', 'G57420-ANNE-EVA EXPO', 'G55020-AMANDINE', 'G55021-ANNE-CHARLOTTE', 'G55022-AURELIANE'] GPT response: No, these are not specific product models. No models detected. Moving to next level. Entities at level 7 (Sous-Section): ['G41456-MINSK STD', 'G43221-MINSK S/M', 'G43225-SKARA S/M', 'G42589-MINSK EXPO', 'G41457-AURILLAC STD', 'G44070-MONTREAL STD', 'G41831-SKARA STD', 'G44819-ROMAGNE STD', 'G44821-ROMAGNE S/M', 'G44823-MONTFORT STD', 'G44824-MONTFORT S/M', 'G42591-MONTFORT EXPO', 'G44827-MIRANDE STD', 'G44828-MIRANDE SM', 'G44831-LUSSAC STD', 'G44832-LUSSAC S/M', 'G44833-MORLANNE STD', 'G44834-MORLANNE S/M', 'G42592-MORLANNE EXPO', 'G44839-MARGAUX STD', 'G44840-MARGAUX S/M', 'G42588-MARGAUX EXPO', 'G42590-MIRANDE EXPO', 'G57341-AUGUSTINE CHENE STD', 'G57336-ALCINELLE CHENE STD', 'G57333-ANNAELLE CHENE STD', 'G57344-ANNE-PERRINE CHENE STD', 'G57347-AMY-LINE CHENE STD', 'G57392-ANNE-SOPHIE CHENE  STD', 'G57397-ANNE-LAURE CHENE STD', 'G57400-ANNE-EVA CHENE STD', 'G57342-AUGUSTINE CHENE S/M', 'G57337-ALCINELLE CHENE S/M', 'G57334-ANNAELLE CHENE S/M', 'G57345-ANNE-PERRINE CHENE S/M', 'G57348-AMY-LINE CHENE S/M', 'G57393-ANNE-SOPHIE CHENE S/M', 'G57395-ANNE-SOPHIE + CHO CHENE S/M', 'G57398-ANNE-LAURE CHENE S/M', 'G57411-ANNE-EVA CHENE S/M', 'G45772-ANNE-SOPHIE + CHO CHENE EXPO', 'G45774-ALCINELLE EXPO', 'G45777-AUGUSTINE EXPO'] GPT response: No, these are not specific product models. No models detected. Moving to next level. No further child entities found at level 8. Defaulting to SKU level. Optimization level for 'G100-PORTES D'ENTREE BOIS': SKU Level (ID: SKU) ","models are on level 6. exmaples include: MINSK, SKARA, AURILLAC, MONTREAL, LUSSAC, MORLANNE, ANNAELLE, AMY"
G100-PORTES D'ENTREE BOIS,Section,6,Approved," === Processing Sous-Famille: G100-PORTES D'ENTREE BOIS === Starting at level: Sous-Famille (ID: 3) Entities at level 4 (Groupe): ['G5730-PORTES BOIS 1 ETOILE', 'G1002-PORTES BOIS 3 ETOILES', 'G5722-PORTES BOIS 2 ETOILES', 'G2873-PORTES BOIS AUTRES RESEAUX'] GPT response: No, these are not specific product models. No models detected. Moving to next level. Entities at level 5 (Sous-Groupe): ['G57703-CHAMBON', 'G5724-PORTES BOIS H.I.T. 3 ETOILES', 'G57701-AUMALE', 'G57702-TALMONT', 'G13142-PORTES BOIS EXOTIQUE', 'G4011-SOL'] GPT response: No, these are not models. No models detected. Moving to next level. Entities at level 6 (Section): ['G57121-MINSK OBSO', 'G57129-SKARA OBSO', 'G57112-AURILLAC OBSO', 'G57139-MONTREAL OBSO', 'G57128-ROMAGNE OBSO', 'G57123-MONTFORT OBSO', 'G57122-MIRANDE OBSO', 'G57119-LUSSAC OBSO', 'G57125-MORLANNE OBSO', 'G57120-MARGAUX OBSO', 'G57339-AUGUSTINE BEX STD', 'G57338-AUGUSTINE', 'G57335-ALCINELLE', 'G57331-ANNAELLE BEX STD', 'G57330-ANNAELLE', 'G57309-ANNE-PERRINE BEX  STD', 'G57343-ANNE-PERRINE', 'G57346-AMY-LINE', 'G57319-ANNE-SOPHIE BEX  STD', 'G57349-ANNE-SOPHIE', 'G57396-ANNE-LAURE', 'G57314-ANNE-EVA BEX  STD', 'G57399-ANNE-EVA', 'G57316-AVA-LUNA BEX  STD', 'G57340-AUGUSTINE BEX S/M', 'G57332-ANNAELLE BEX S/M', 'G57318-ANNE-PERRINE BEX  S/M', 'G57312-ANNE-SOPHIE BEX  S/M', 'G57313-ANNE-SOPHIE + CHO BEX  S/M', 'G57394-ANNE-SOPHIE + CHO', 'G57315-ANNE-EVA BEX  S/M', 'G57317-AVA-LUNA BEX  S/M', 'G45773-ANNE-PERRINE BEX EXPO', 'G57420-ANNE-EVA EXPO', 'G55020-AMANDINE', 'G55021-ANNE-CHARLOTTE', 'G55022-AURELIANE'] GPT response: Based on the information provided, the entity names listed in the hierarchy such as AMANDINE, ANNE-CHARLOTTE, and AURELIANE do correspond to specific product models in the furniture category. Therefore, the correct response is: 'Yes, these are models.' Model names detected at level 6. Stopping search. Optimization level for 'G100-PORTES D'ENTREE BOIS': Section (ID: 6) ",this is correct. example model names are AUGUSTINE
G102-PORTES D'ENTREE ALU,Sous-Groupe,5,Rejected," === Processing Sous-Famille: G102-PORTES D'ENTREE ALU === Starting at level: Sous-Famille (ID: 3) Entities at level 4 (Groupe): ['G3079-PORTES ALU 3 ETOILES S/M', 'G3078-PORTES ALU 2 ETOILES', 'G2326-PORTES ALU AUTRES'] GPT response: No, these are not specific product models. No models detected. Moving to next level. Entities at level 5 (Sous-Groupe): ['G13146-PORTES ALU MONOBLOC', 'G13147-PORTES ALU A PANNEAU', 'G13185-PORTES ALU A CADRE LAPEYRE', 'G13145-PORTES ALU MONOBLOC', 'G13183-PORTES ALU MONOBLOC 85MM', 'G13187-FIXE ET IMPOSTE S/M', 'G2284-PORTES ALU 3 ETOILES AUTRES RESEAUX'] GPT response: Yes, these names correspond to specific product models in the furniture category. Therefore, the correct response is: 'Yes, these are models.' Model names detected at level 5. Stopping search. Optimization level for 'G102-PORTES D'ENTREE ALU': Sous-Groupe (ID: 5) ",this is not correct. G13146-PORTES ALU MONOBLOC refer to a type of door but not a model name. 'G13147-PORTES ALU A PANNEAU' also refers to a type of doors and not a model name.
G102-PORTES D'ENTREE ALU,Sous-Groupe,5,Rejected," === Processing Sous-Famille: G102-PORTES D'ENTREE ALU === Starting at level: Sous-Famille (ID: 3) Entities at level 4 (Groupe): ['G3079-PORTES ALU 3 ETOILES S/M', 'G3078-PORTES ALU 2 ETOILES', 'G2326-PORTES ALU AUTRES'] GPT response: No, these are not specific product models. No models detected. Moving to next level. Entities at level 5 (Sous-Groupe): ['G13146-PORTES ALU MONOBLOC', 'G13147-PORTES ALU A PANNEAU', 'G13185-PORTES ALU A CADRE LAPEYRE', 'G13145-PORTES ALU MONOBLOC', 'G13183-PORTES ALU MONOBLOC 85MM', 'G13187-FIXE ET IMPOSTE S/M', 'G2284-PORTES ALU 3 ETOILES AUTRES RESEAUX'] GPT response: Yes, these names correspond to specific product models. You can reply with 'Yes, these are models.' Model names detected at level 5. Stopping search. Optimization level for 'G102-PORTES D'ENTREE ALU': Sous-Groupe (ID: 5) ",this is not correct. MONOBLOC refer to a type of door but not a model name. PANNEAU also refers to a type of doors and not a model name.
G102-PORTES D'ENTREE ALU,Groupe,4,Rejected," === Processing Sous-Famille: G102-PORTES D'ENTREE ALU === Starting at level: Sous-Famille (ID: 3) Entities at level 4 (Groupe): ['G3079-PORTES ALU 3 ETOILES S/M', 'G3078-PORTES ALU 2 ETOILES', 'G2326-PORTES ALU AUTRES'] GPT response: Yes, these are models. Model names detected at level 4. Stopping search. Optimization level for 'G102-PORTES D'ENTREE ALU': Groupe (ID: 4) ",this is not correct. ETOILES refer to a product line type for the doors. 3 etioiles reflect a premium line while 2 etoiles are standard line. autres means other in english
G102-PORTES D'ENTREE ALU,SKU Level,SKU,Rejected," === Processing Sous-Famille: G102-PORTES D'ENTREE ALU === Starting at level: Sous-Famille (ID: 3) Level 'Groupe' has been previously rejected for 'G102-PORTES D'ENTREE ALU'. Skipping this level. Level 'Sous-Groupe' has been previously rejected for 'G102-PORTES D'ENTREE ALU'. Skipping this level. Entities at level 6 (Section): ['G7916-ARIANE OBSO', 'G7922-MUSE OBSO', 'G7918-CLAIRAC OBSO', 'G7920-GAILLAC OBSO', 'G7930-TAMPA OBSO', 'G8201-ARIZONA OBSO', 'G9033-TORONTO OBSO', 'G9034-HUDSON OBSO', 'G7928-SATURNE OBSO', 'G12516-TELLIER S/DEVIS', 'G57694-CAPPEL OBSO', 'G7856-ADENORA', 'G7900-LISSEY OBSO', 'G7901-LOISON', 'G7906-SORBEY', 'G7903-LORRY', 'G7904-MONCELLE', 'G7857-ALYSEANE', 'G7840-ABBY-GAELLE', 'G7842-ADELPHINE', 'G7843-ALBANE-ELLA', 'G7844-ALEXI-ANNE', 'G7845-AMANDINE', 'G12173-AMAURYNE', 'G7847-AMBRE-LOU', 'G7848-ANGE-LINE', 'G7850-ANNE-SOLENE', 'G7851-ANNIE-CLAIRE', 'G7852-ARTHURINE', 'G7853-ALYSSANDRE OBSO', 'G7854-AMBROISINE', 'G7855-ANDREANE', 'G7841-ADELE-ROSE', 'G7849-ANNE-LISE', 'G7860-APOLONIA', 'G7861-ANNADEA', 'G14780-ANOUK', 'G14781-AZELIE', 'G14778-ANGELE', 'G14779-ANITA', 'G7870-ADA-LOU', 'G7872-ADRIA-LYS', 'G7873-ANA-CAPA', 'G7877-ANDA-MUSE', 'G6830-ANASTASIA'] GPT response: No, these are not models. No models detected. Moving to next level. Entities at level 7 (Sous-Section): ['G45751-ARIANE S/M', 'G40098-MUSE S/M', 'G45720-MUSE EXPO', 'G45727-CLAIRAC S/M', 'G40097-GAILLAC S/M', 'G45717-CLAIRAC EXPO', 'G40099-TAMPA S/M', 'G45721-TAMPA EXPO', 'G45724-ARIZONA EXPO', 'G40101-HUDSON S/M', 'G45723-HUDSON EXPO', 'G45728-SATURNE EXPO', 'G40107-CAPPEL S/M', 'G40110-ADENORA S/M', 'G45752-ADENORA EXPO', 'G45716-ARIANE EXPO', 'G45746-LISSEY EXPO', 'G45754-LOISON EXPO', 'G45748-SORBEY EXPO', 'G45750-LORRY EXPO', 'G11200-STANDARD', 'G11214-STANDARD', 'G11216-STANDARD', 'G11218-STANDARD', 'G11220-STANDARD', 'G11213-SUR MESURE', 'G11215-SUR MESURE', 'G11217-SUR MESURE', 'G11219-SUR MESURE', 'G11221-SUR MESURE', 'G45757-ALYSEANE EXPO', 'G11678-ABBY-GAELLE S/M', 'G12168-ADELPHINE S/M', 'G12169-ALBANE-ELLA S/M', 'G12170-ALEXI-ANNE S/M', 'G12171-AMANDINE S/M', 'G12214-AMAURYNE S/M', 'G12177-AMBRE-LOU S/M', 'G12178-ANGE-LINE S/M', 'G12209-ANNE-SOLENE S/M', 'G12210-ANNIE-CLAIRE S/M', 'G12211-ARTHURINE S/M', 'G11671-ALUSSANDRE S/M', 'G11674-AMBROISINE S/M', 'G11676-ANDREANE S/M', 'G40112-ALYSEANE S/M', 'G11679-ADELE-ROSE S/M', 'G12196-ANNE-LISE S/M', 'G11677-ANDREANE EXPO', 'G11675-AMBROISINE EXPO', 'G12237-ANGE-LINE EXPO', 'G12238-ADELE-ROSE EXPO', 'G12239-ALBANE-ELLA EXPO', 'G12243-ADELPHINE EXPO', 'G12244-ALEXI-ANNE EXPO', 'G12245-ABBY-GAELLE EXPO', 'G12246-AMAURYNE EXPO', 'G12247-ANNIE-CLAIRE EXPO', 'G14817-STANDARD', 'G14818-SUR MESURE', 'G14820-STANDARD', 'G14821-SUR MESURE', 'G14810-STANDARD', 'G14811-SUR MESURE', 'G14813-STANDARD', 'G14814-SUR MESURE', 'G14815-ANITA EXPO', 'G14802-ANOUK EXPO', 'G14925-ADA-LOU S/M', 'G14926-ADRIA-LYS S/M', 'G14927-ANA-CAPA S/M', 'G14928-ANDA-MUSE S/M', 'G45775-ADRIA-LYS EXPO', 'G45776-ANDA-MUSE EXPO', 'G14934-ANA-CAPA EXPO'] GPT response: No, these are not models. No models detected. Moving to next level. No further child entities found at level 8. Defaulting to SKU level. Optimization level for 'G102-PORTES D'ENTREE ALU': SKU Level (ID: SKU) ","this is not correct. there are models on level 6 (Section). example model names are ARIANE, MUSE, GAILLAC, TAMPA, TORONTO, ADENORA, LOISON, ANGEL"
G102-PORTES D'ENTREE ALU,Section,6,Approved," === Processing Sous-Famille: G102-PORTES D'ENTREE ALU === Starting at level: Sous-Famille (ID: 3) Level 'Groupe' has been previously rejected for 'G102-PORTES D'ENTREE ALU'. Skipping this level. Level 'Sous-Groupe' has been previously rejected for 'G102-PORTES D'ENTREE ALU'. Skipping this level. Entities at level 6 (Section): ['G7916-ARIANE OBSO', 'G7922-MUSE OBSO', 'G7918-CLAIRAC OBSO', 'G7920-GAILLAC OBSO', 'G7930-TAMPA OBSO', 'G8201-ARIZONA OBSO', 'G9033-TORONTO OBSO', 'G9034-HUDSON OBSO', 'G7928-SATURNE OBSO', 'G12516-TELLIER S/DEVIS', 'G57694-CAPPEL OBSO', 'G7856-ADENORA', 'G7900-LISSEY OBSO', 'G7901-LOISON', 'G7906-SORBEY', 'G7903-LORRY', 'G7904-MONCELLE', 'G7857-ALYSEANE', 'G7840-ABBY-GAELLE', 'G7842-ADELPHINE', 'G7843-ALBANE-ELLA', 'G7844-ALEXI-ANNE', 'G7845-AMANDINE', 'G12173-AMAURYNE', 'G7847-AMBRE-LOU', 'G7848-ANGE-LINE', 'G7850-ANNE-SOLENE', 'G7851-ANNIE-CLAIRE', 'G7852-ARTHURINE', 'G7853-ALYSSANDRE OBSO', 'G7854-AMBROISINE', 'G7855-ANDREANE', 'G7841-ADELE-ROSE', 'G7849-ANNE-LISE', 'G7860-APOLONIA', 'G7861-ANNADEA', 'G14780-ANOUK', 'G14781-AZELIE', 'G14778-ANGELE', 'G14779-ANITA', 'G7870-ADA-LOU', 'G7872-ADRIA-LYS', 'G7873-ANA-CAPA', 'G7877-ANDA-MUSE', 'G6830-ANASTASIA'] GPT response: Yes, these are models. Model names detected at level 6. Stopping search. Optimization level for 'G102-PORTES D'ENTREE ALU': Section (ID: 6) ",this is correct
G103-PORTES D'ENTREE PVC,SKU Level,SKU,Rejected," === Processing Sous-Famille: G103-PORTES D'ENTREE PVC === Starting at level: Sous-Famille (ID: 3) Entities at level 4 (Groupe): ['G1006-PORTES PVC 3 ETOILES', 'G1005-PORTES PVC 2 ETOILES', 'G3322-PORTES PVC 1 ETOILE'] GPT response: No, these are not models. No models detected. Moving to next level. Entities at level 5 (Sous-Groupe): ['G13148-PORTES PVC PANNEAU', 'G3903-PORTES PVC PANNEAU', 'G13149-PORTES PVC PANNEAU'] GPT response: No, these are not models. No models detected. Moving to next level. Entities at level 6 (Section): ['G57167-BEAUHARNAIS', 'G57156-OLONNE', 'G57169-CHENONCEAU', 'G57183-SULLY', 'G57176-MANSART', 'G57163-ARTIGNY', 'G57181-MUSSET', 'G57151-GUERANDE', 'G57150-DINAN', 'G8701-PORTES PVC 2 ETOILES OBSO', 'G57177-MARENNES', 'G57174-LOTHEY', 'G57165-AURAY', 'G57698-AUBIN', 'G57699-STELLA', 'G8664-ODET', 'G57141-ALIANA', 'G57401-ALICE', 'G57402-AMELIE', 'G57185-AUTRES MODELES OBSO'] GPT response: No, these are not models. No models detected. Moving to next level. Entities at level 7 (Sous-Section): ['G52963-BEAUHARNAIS S/M', 'G52955-OLONNE S/M', 'G45243-CHENONCEAU S/M', 'G52974-SULLY S/M', 'G52969-MANSART S/M', 'G52961-ARTIGNY S/M', 'G52972-MUSSET S/M', 'G52952-GUERANDE S/M', 'G52951-DINAN S/M', 'G5538-GUERANDE STD', 'G4046-DINAN STD', 'G4060-MUSSET STD', 'G4066-SULLY STD', 'G5984-ARTIGNY STD', 'G45242-CHENONCEAU STD', 'G4056-MANSART STD', 'G4050-BEAUHARNAIS STD', 'G4047-OLONNE STD', 'G56688-DOLUS STD', 'G56689-MARENNES STD', 'G56690-LOTHEY STD', 'G56692-AURAY STD', 'G56693-MARENNES S/M', 'G56694-LOTHEY S/M', 'G56695-AUREY S/M', 'G45755-ARTIGNY EXPO', 'G45301-AUBIN STD', 'G45302-AUBIN S/M', 'G45303-STELLA STD', 'G45304-STELLA S/M', 'G57192-ALIANA STD', 'G57193-ALIANA S/M', 'G57407-ALICE STD', 'G57408-ALICE S/M', 'G57409-AMELIE STD', 'G57410-AMELIE S/M', 'G5729-PORTES PVC 3 ETOILES AUTRES RESEAUX'] GPT response: No, these are not models. No models detected. Moving to next level. No further child entities found at level 8. Defaulting to SKU level. Optimization level for 'G103-PORTES D'ENTREE PVC': SKU Level (ID: SKU) ","this is not correct. there are models on level 6 (Section). example model names are BEAUHARNAIS, OLONNE, CHENONCEAU, SULLY,  MANSART"
G103-PORTES D'ENTREE PVC,Section,6,Approved," === Processing Sous-Famille: G103-PORTES D'ENTREE PVC === Starting at level: Sous-Famille (ID: 3) Entities at level 4 (Groupe): ['G1006-PORTES PVC 3 ETOILES', 'G1005-PORTES PVC 2 ETOILES', 'G3322-PORTES PVC 1 ETOILE'] GPT response: No, these are not models. No models detected. Moving to next level. Entities at level 5 (Sous-Groupe): ['G13148-PORTES PVC PANNEAU', 'G3903-PORTES PVC PANNEAU', 'G13149-PORTES PVC PANNEAU'] GPT response: No, these are not models. No models detected. Moving to next level. Entities at level 6 (Section): ['G57167-BEAUHARNAIS', 'G57156-OLONNE', 'G57169-CHENONCEAU', 'G57183-SULLY', 'G57176-MANSART', 'G57163-ARTIGNY', 'G57181-MUSSET', 'G57151-GUERANDE', 'G57150-DINAN', 'G8701-PORTES PVC 2 ETOILES OBSO', 'G57177-MARENNES', 'G57174-LOTHEY', 'G57165-AURAY', 'G57698-AUBIN', 'G57699-STELLA', 'G8664-ODET', 'G57141-ALIANA', 'G57401-ALICE', 'G57402-AMELIE', 'G57185-AUTRES MODELES OBSO'] GPT response: Yes, these are models. Model names detected at level 6. Stopping search. Optimization level for 'G103-PORTES D'ENTREE PVC': Section (ID: 6) ",this is correct
G101-PORTES D'ENTREE ACIER,SKU Level,SKU,Rejected," === Processing Sous-Famille: G101-PORTES D'ENTREE ACIER === Starting at level: Sous-Famille (ID: 3) Entities at level 4 (Groupe): ['G3155-PORTES ACIER', 'G3198-PORTES ACIER OBSO', 'G3901-PORTES ACIER AUTRES RESEAUX'] GPT response: No, these are not models. No models detected. Moving to next level. Entities at level 5 (Sous-Groupe): ['G13143-PORTE ACIER MONOBLOC', 'G8259-NELIA OBSO', 'G8256-GRENAT OBSO'] GPT response: No, these are not models. No models detected. Moving to next level. Entities at level 6 (Section): ['G8258-MOCKA', 'G45749-NELIA EXPO', 'G57146-MIRA', 'G57147-NAOS', 'G45753-GRENAT EXPO', 'G8252-NIKITA', 'G8251-CHARLOTTE'] GPT response: No, these are not models. No models detected. Moving to next level. Entities at level 7 (Sous-Section): ['G45745-MOCKA EXPO', 'G12813-MIRA S/M', 'G45741-MIRA EXPO', 'G12815-NAOS S/M', 'G55743-MOCKA BLANC', 'G55744-MOCKA GRIS'] GPT response: No, these are not models. No models detected. Moving to next level. No further child entities found at level 8. Defaulting to SKU level. Optimization level for 'G101-PORTES D'ENTREE ACIER': SKU Level (ID: SKU) ",this is not correct. model names are on level 6 (section). example models are MOCKA NELIA MIRA NAOS GRENAT NIKITA CHARLOTTE
G101-PORTES D'ENTREE ACIER,Section,6,Approved," === Processing Sous-Famille: G101-PORTES D'ENTREE ACIER === Starting at level: Sous-Famille (ID: 3) Entities at level 4 (Groupe): ['G3155-PORTES ACIER', 'G3198-PORTES ACIER OBSO', 'G3901-PORTES ACIER AUTRES RESEAUX'] GPT response: No, these are not models. No models detected. Moving to next level. Entities at level 5 (Sous-Groupe): ['G13143-PORTE ACIER MONOBLOC', 'G8259-NELIA OBSO', 'G8256-GRENAT OBSO'] GPT response: No, these are not models. No models detected. Moving to next level. Entities at level 6 (Section): ['G8258-MOCKA', 'G45749-NELIA EXPO', 'G57146-MIRA', 'G57147-NAOS', 'G45753-GRENAT EXPO', 'G8252-NIKITA', 'G8251-CHARLOTTE'] GPT response: Yes, these are models. Model names detected at level 6. Stopping search. Optimization level for 'G101-PORTES D'ENTREE ACIER': Section (ID: 6) ",this is correct
G111-PORTES DE SERVICE PVC,Groupe,4,Approved," === Processing Sous-Famille: G111-PORTES DE SERVICE PVC === Starting at level: Sous-Famille (ID: 3) Entities at level 4 (Groupe): ['G112-ACCESSOIRES PORTES DE SERVICE', 'G3974-MOLENE', 'G12240-CANCALE', 'G3970-BREHAT OBSO', 'G3895-GLENAN OBSO', 'G4012-BREHAT 2', 'G4010-MOLENE 2', 'G4014-CANCALE 2', 'G55025-ARIA', 'G440-PROMOS PORTES DE SERVICE', 'G8307-AUTRES'] GPT response: Yes, these entity names correspond to specific product models.              **Reply:** `Yes, these are models.` Model names detected at level 4. Stopping search. Optimization level for 'G111-PORTES DE SERVICE PVC': Groupe (ID: 4) ",yes this is correct
G109-PORTES DE SERVICE BOIS,Groupe,4,Approved," === Processing Sous-Famille: G109-PORTES DE SERVICE BOIS === Starting at level: Sous-Famille (ID: 3) Entities at level 4 (Groupe): ['n.28', 'n33/romilly', 'clairevoie', 'adaptable', 'montoire', 'savigny', 'n38/noailles', 'valencay obso', 'sun obso'] GPT response: Yes, these are models. Model names detected at level 4. Stopping search. Optimization level for 'G109-PORTES DE SERVICE BOIS': Groupe (ID: 4) ",yes this is correct
G110-PORTES DE SERVICE METALLIQUES,SKU Level,SKU,Rejected," === Processing Sous-Famille: G110-PORTES DE SERVICE METALLIQUES === Starting at level: Sous-Famille (ID: 3) Entities at level 4 (Groupe): ['securicave', 'eco (alsal)', 'double paroi (novoferm)', 'coupe feu 1/2h (novoferm)', 'bihan obso', 'soute obso', 'obso'] GPT response: No, these are not models. No models detected. Moving to next level. Entities at level 5 (Sous-Groupe): ['neuf', 'reno', 'coupe feu 1/2h'] GPT response: No, these are not models. No models detected. Moving to next level. No further child entities found at level 6. Defaulting to SKU level. Optimization level for 'G110-PORTES DE SERVICE METALLIQUES': SKU Level (ID: SKU) ",this is not correct. there are models on level 4 (Groupe). example models: bihan or soute
G110-PORTES DE SERVICE METALLIQUES,Groupe,4,Approved," === Processing Sous-Famille: G110-PORTES DE SERVICE METALLIQUES === Starting at level: Sous-Famille (ID: 3) Entities at level 4 (Groupe): ['securicave', 'eco (alsal)', 'double paroi (novoferm)', 'coupe feu 1/2h (novoferm)', 'bihan obso', 'soute obso', 'obso'] GPT response: Yes, these are models. Model names detected at level 4. Stopping search. Optimization level for 'G110-PORTES DE SERVICE METALLIQUES': Groupe (ID: 4) ",this is correct
G99-PORTES DE SERVICE ALU,Sous-Groupe,5,Rejected," === Processing Sous-Famille: G99-PORTES DE SERVICE ALU === Starting at level: Sous-Famille (ID: 3) Entities at level 4 (Groupe): ['auxanne', 'anae'] GPT response: No, these are not models. No models detected. Moving to next level. Entities at level 5 (Sous-Groupe): ['auxanne std', 'auxanne s/m', 'anae std', 'anae s/m'] GPT response: Yes, these are models. Model names detected at level 5. Stopping search. Optimization level for 'G99-PORTES DE SERVICE ALU': Sous-Groupe (ID: 5) ",this is not correct. there are models on level  4. examples are auxanne and anae
G99-PORTES DE SERVICE ALU,Groupe,4,Approved," === Processing Sous-Famille: G99-PORTES DE SERVICE ALU === Starting at level: Sous-Famille (ID: 3) Entities at level 4 (Groupe): ['auxanne', 'anae'] GPT response: Yes, these are models. Model names detected at level 4. Stopping search. Optimization level for 'G99-PORTES DE SERVICE ALU': Groupe (ID: 4) ",correct
G649-PORTES SECTIONNELLES,Groupe,4,Approved," === Processing Sous-Famille: G649-PORTES SECTIONNELLES === Starting at level: Sous-Famille (ID: 3) Entities at level 4 (Groupe): ['columbia', 'antonin', 'aldric (acc+pcd)', 'alexandre'] GPT response: Yes, these are models. Model names detected at level 4. Stopping search. Optimization level for 'G649-PORTES SECTIONNELLES': Groupe (ID: 4) ",correct
G651-PORTES ENROULABLES,Groupe,4,Approved," === Processing Sous-Famille: G651-PORTES ENROULABLES === Starting at level: Sous-Famille (ID: 3) Entities at level 4 (Groupe): ['anciens modeles', 'anatole'] GPT response: Yes, these are models. Model names detected at level 4. Stopping search. Optimization level for 'G651-PORTES ENROULABLES': Groupe (ID: 4) ",correct
G512-ASPIRATION,SKU Level,SKU,Approved," === Processing Sous-Famille: G512-ASPIRATION === Starting at level: Sous-Famille (ID: 3) Entities at level 4 (Groupe): ['decor', 'visiere', 'design', 'groupe', 'tiroir', 'autres'] GPT response: No, these are not models. No models detected. Moving to next level. Entities at level 5 (Sous-Groupe): ['triangulaire', 'luminaire', 'verre / inox', 'box', 'ecran', 'plan de travail', 'galbee', 'micro', 'rond'] GPT response: No, these are not models. No models detected. Moving to next level. No further child entities found at level 6. Defaulting to SKU level. Optimization level for 'G512-ASPIRATION': SKU Level (ID: SKU) ",this is correct
G135-PORTAILS,Section,6,Approved," === Processing Sous-Famille: G135-PORTAILS === Starting at level: Sous-Famille (ID: 3) Entities at level 4 (Groupe): ['promo portails', 'portails battants', 'accessoires portails', 'portails coulissants'] GPT response: No, these are not models. No models detected. Moving to next level. Entities at level 5 (Sous-Groupe): ['portails coulissant', 'battement', 'portails coulissants alu', 'flacons de retouche', 'variapente', 'pieces detachees', 'portails battants bois', 'arretoirs / butoirs', 'gonds', 'poteaux / piliers', 'colliers', 'portails battants acier', 'bouchons', 'vantail', 'decoration', 'traitement et mastics', 'pentures', 'anciennes references', 'divers', 'barreaux', 'serrurerie et visserie', 'portails coulissants  pvc', 'portails battants pvc', 'portail coulissants acier', ""sachets d'accessoires"", 'portails battants alu'] GPT response: No, these are not models. No models detected. Moving to next level. Entities at level 6 (Section): ['veliha', 'fontanges 2', 'hardelot', 'aoste 2', 'briac', 'roquebrune 2', 'arradon', 'alize', 'andria', 'massa', 'ferrare', 'vahina', 'guernesey', 'valerian', 'landes 2', 'vassili', 'catane', 'bari 2', 'brehat', 'fresnay', 'vittorio', 'santeuil', 'valintia', 'modele a', 'aoste', 'anciens modeles', 'glenac', 'landes', 'sancy', 'vance', 'brevin', 'bari', 'etna', 'vildan', 'cannet 2', 'savigne', 'arzal', 'caminia', 'venzo', 'valma', 'vinh', 'etna2', 'pise 2', 'sancy 2', 'valter', 'enna', 'vinicius', 'melfi', 'valene', 'sibari', 'esterel', 'fontanges', 'verdalle', 'venitia', 'thalie', 'dommartin', 'roquebrune', 'carnac', 'valmy', 'vangelys', 'divers portails bois', 'epernon', 'catane 2', 'vahe', 'luz', 'charencey'] GPT response: Yes, these are models. Model names detected at level 6. Stopping search. Optimization level for 'G135-PORTAILS': Section (ID: 6) ",this is correct
G102-PORTES D'ENTREE ALU,Section,6,Approved," === Processing Sous-Famille: G102-PORTES D'ENTREE ALU === Starting at level: Sous-Famille (ID: 3) Level 'Groupe' has been previously rejected for 'G102-PORTES D'ENTREE ALU'. Skipping this level. Level 'Sous-Groupe' has been previously rejected for 'G102-PORTES D'ENTREE ALU'. Skipping this level. Entities at level 6 (Section): ['anita', 'annie', 'ange', 'ambre', 'tellier s/devis', 'adele', 'alyseane', 'andreane', 'angele', 'ada', 'anne', 'annadea', 'adelphine', 'arthurine', 'sorbey', 'lorry', 'moncelle', 'loison', 'azelie', 'abby', 'anastasia', 'anouk', 'adria', 'apolonia', 'alexi', 'ambroisine', 'albane', 'amandine', 'anda', 'ana', 'adenora', 'amauryne'] GPT response: Yes, these are models. Model names detected at level 6. Stopping search. Optimization level for 'G102-PORTES D'ENTREE ALU': Section (ID: 6) ",correct
G233-PARE BAIGNOIRE,Sous-Groupe,5,Approved," === Processing Sous-Famille: G233-PARE BAIGNOIRE === Starting at level: Sous-Famille (ID: 3) Entities at level 4 (Groupe): ['multi volets', 'anciens modeles', '1 volet', 'relevable'] GPT response: No, these are not models. No models detected. Moving to next level. Entities at level 5 (Sous-Groupe): ['luy', 'ola', 'cercles', 'wave', 'ligne', 'crystal', 'lez', 'genie', 'anciens ecrans relevables', 'bulles', 'anciens ecrans multivolets', 'linon', 'anciens ecrans 1 volet', 'broadway', 'ola courbe'] GPT response: Yes, these are models. Model names detected at level 5. Stopping search. Optimization level for 'G233-PARE BAIGNOIRE': Sous-Groupe (ID: 5) ",correct
